x,y_pred,residual,anomaly_flag
20.0,40.994852941176475,0.305147,0
21.0,42.9954411764706,0.204559,0
22.0,44.99602941176472,4.003971,1
23.0,46.996617647058834,-0.196618,0
24.0,48.99720588235295,-0.097206,0
25.0,50.99779411764707,-6.997794,1
26.0,52.998382352941185,0.201618,0
