x,y_pred,residual,anomaly_flag
20.0,40.99485294117647,0.305147,0
21.0,42.995441176470585,0.204559,0
22.0,44.9960294117647,4.003971,1
23.0,46.99661764705882,-0.196618,0
24.0,48.997205882352944,-0.097206,0
25.0,50.99779411764706,-6.997794,1
26.0,52.99838235294118,0.201618,0
