x,y_pred,residual,anomaly_flag
10.0,21.000000000000007,-0.000000,0
11.0,23.00000000000001,-0.000000,0
12.0,25.00000000000001,5.000000,1
13.0,27.00000000000001,-0.000000,0
20.0,41.000000000000014,-8.000000,1
